<config xmlns:xsi="http://www.w3.org/2001/XMLSchema-instance"
        xmlns:jsr107="http://www.ehcache.org/v3/jsr107"
        xmlns="http://www.ehcache.org/v3"
        xsi:schemaLocation="
http://www.ehcache.org/v3 http://www.ehcache.org/schema/ehcache-core-3.0.xsd
http://www.ehcache.org/v3/jsr107 http://www.ehcache.org/schema/ehcache-107-ext-3.0.xsd">

    <cache alias="LookupCache">
        <key-type>java.util.ArrayList</key-type>
        <value-type>th.co.scb.ssp.common.lib.lookup.model.LookupConfigResponse</value-type>
        <expiry>
            <ttl unit="seconds">2592000</ttl>
        </expiry>

        <resources>
            <heap unit="entries">1000</heap>
            <offheap unit="MB">10</offheap>
        </resources>
    </cache>

</config>