<?xml version="1.0" encoding="UTF-8"?>
<configuration>

    <springProperty scope="context" name="APPNAME" source="service.name"/>
    <springProperty scope="context" name="LOGSTASH_HOST" source="logstash.host"/>
    <springProperty scope="context" name="LOGSTASH_PORT" source="logstash.port"/>
    <springProperty scope="context" name="ACTIVE_PROFILE" source="spring.profiles.active"/>

    <property name="LOG_PATTERN_CONSOLE" value="%d{yyyy-MM-dd HH:mm:ss.SSS} [%X{x-correlation-id:-}] %magenta([%thread]) %highlight(%-5level) %logger{36}.%M - %msg%n"/>

    <appender name="CONSOLE" class="ch.qos.logback.core.ConsoleAppender">
        <filter class="ch.qos.logback.classic.filter.ThresholdFilter">
            <level>ALL</level>
        </filter>
        <encoder>
            <charset>UTF-8</charset>
            <pattern>${LOG_PATTERN_CONSOLE}</pattern>
        </encoder>
    </appender>

<!--    <appender name="API-LOG" class="net.logstash.logback.appender.LogstashTcpSocketAppender">-->
<!--        <destination>${LOGSTASH_HOST:-localhost}:${LOGSTASH_PORT:-5057}</destination>-->
<!--        <encoder class="net.logstash.logback.encoder.LoggingEventCompositeJsonEncoder">-->
<!--            <providers>-->
<!--                <pattern>-->
<!--                    <pattern>-->
<!--                        {-->
<!--                        "logType": "api-logs",-->
<!--                        "environment": "${ACTIVE_PROFILE}",-->
<!--                        "appname": "${APPNAME}",-->
<!--                        "message": "#asJson{%message}"-->
<!--                        }-->
<!--                    </pattern>-->
<!--                </pattern>-->
<!--            </providers>-->
<!--        </encoder>-->
<!--    </appender>-->

<!--    <logger name="th.co.scb.ssp.common.lib.auditlog.RestAuditLog" additivity="false" level="info">-->
<!--        <appender-ref ref="API-LOG"/>-->
<!--    </logger>-->

    <root level="ALL">
        <appender-ref ref="CONSOLE"/>
    </root>

</configuration>


